url,is_phishing
http://everyone-amazon-com.co/secure,1
https://www.amazon.com/categories/search/tag,0
http://hair-example-com.io/login,1
https://www.stackoverflow.com/list/search/explore,0
https://www.google.com/category,0
https://www.example.com/category,0
https://www.google.com/posts/tag/wp-content,0
http://house-github-com.net/account,1
https://www.stackoverflow.com/search,0
https://www.wikipedia.org/list,0
http://26.64.67.150/login,1
http://field-github-com.com/account,1
http://15.246.187.111/confirm,1
https://www.amazon.com/list,0
https://www.github.com/wp-content,0
https://www.wikipedia.org/wp-content,0
https://www.wikipedia.org/categories,0
https://www.github.com/explore,0
http://design-wikipedia-org.com/login,1
https://www.google.com/posts/main/wp-content,0
https://www.wikipedia.org/category/tag/blog,0
https://www.example.com/search/categories,0
https://www.amazon.com/wp-content,0
https://www.github.com/blog/categories/tag,0
https://www.google.com/posts,0
http://83.39.120.149/account,1
http://142.190.187.37/banking,1
http://88.191.148.236/confirm,1
https://www.google.com/category/tag,0
https://www.wikipedia.org/wp-content/category,0
https://www.amazon.com/main/posts/tags,0
http://leader-amazon-com.net/verify,1
https://www.google.com/search/tags/app,0
https://www.wikipedia.org/app/posts/tag,0
https://www.github.com/search/explore,0
https://www.github.com/list/explore,0
http://195.15.10.147/banking,1
https://www.amazon.com/search/category/tag,0
https://www.wikipedia.org/explore/wp-content/posts,0
https://www.stackoverflow.com/tag/category/search,0
https://www.amazon.com/categories/categories,0
https://www.google.com/list/categories/list,0
https://www.stackoverflow.com/wp-content,0
https://www.example.com/tags,0
https://www.stackoverflow.com/tag/search,0
https://www.amazon.com/categories/search/tag,0
https://www.amazon.com/posts/posts,0
https://www.example.com/explore/blog,0
http://guess-stackoverflow-com.org/confirm,1
https://www.stackoverflow.com/search/app/list,0
https://www.example.com/explore,0
https://www.stackoverflow.com/wp-content,0
https://www.github.com/main/search/category,0
https://www.github.com/posts/list,0
https://www.google.com/search/list/wp-content,0
http://196.176.85.123/verify,1
https://www.wikipedia.org/wp-content,0
http://192.115.143.228/update,1
https://www.google.com/blog/wp-content,0
https://www.google.com/tag/posts,0
https://www.stackoverflow.com/blog,0
http://place-github-com.com/account,1
http://203.58.149.204/confirm,1
https://www.github.com/posts/blog,0
https://www.github.com/tags/tags,0
https://www.amazon.com/app/posts/wp-content,0
https://www.example.com/tags/app/wp-content,0
http://167.119.181.203/banking,1
https://www.stackoverflow.com/category/posts/app,0
https://www.stackoverflow.com/blog/tag,0
https://www.amazon.com/main,0
https://www.github.com/list/main,0
https://www.amazon.com/tag,0
https://www.example.com/posts/main/category,0
https://www.amazon.com/search,0
https://www.example.com/tag,0
https://www.stackoverflow.com/posts,0
https://www.wikipedia.org/main/app,0
http://61.156.1.105/confirm,1
https://www.google.com/explore/category/categories,0
https://www.stackoverflow.com/categories,0
https://www.stackoverflow.com/posts,0
https://www.example.com/list/category,0
https://www.github.com/list/posts,0
https://www.example.com/posts/posts/main,0
https://www.stackoverflow.com/app/tags,0
https://www.google.com/categories/main/app,0
https://www.stackoverflow.com/list/search/app,0
https://www.wikipedia.org/tags,0
http://20.109.43.53/update,1
https://www.github.com/list,0
http://57.104.30.104/account,1
https://www.amazon.com/search/tag/category,0
http://96.17.115.89/account,1
http://173.98.147.239/confirm,1
http://idea-example-com.io/verify,1
http://213.71.92.183/confirm,1
https://www.wikipedia.org/posts/tag,0
https://www.wikipedia.org/explore,0
http://133.157.44.3/secure,1
https://www.amazon.com/wp-content/blog,0
https://www.amazon.com/category/list,0
https://www.github.com/list/list/tag,0
https://www.google.com/category,0
http://boy-wikipedia-org.com/update,1
http://121.124.211.5/confirm,1
https://www.stackoverflow.com/blog/search,0
https://www.google.com/wp-content/posts/blog,0
https://www.stackoverflow.com/blog/list,0
https://www.example.com/explore/categories,0
http://defense-wikipedia-org.io/account,1
https://www.example.com/categories/blog/category,0
https://www.github.com/blog/main,0
https://www.github.com/blog/posts/list,0
http://turn-stackoverflow-com.com/verify,1
https://www.amazon.com/tag,0
https://www.github.com/search/tag/wp-content,0
http://street-google-com.co/banking,1
http://159.68.184.52/update,1
https://www.wikipedia.org/main/categories,0
https://www.github.com/tag/posts/tags,0
https://www.github.com/posts/tag,0
https://www.example.com/categories/tags/wp-content,0
https://www.wikipedia.org/category/blog,0
https://www.google.com/explore,0
https://www.github.com/explore/main/app,0
https://www.github.com/category,0
https://www.wikipedia.org/tags/category/main,0
https://www.stackoverflow.com/tag/search,0
https://www.stackoverflow.com/category/categories,0
http://think-github-com.io/secure,1
https://www.google.com/app/category/blog,0
https://www.amazon.com/category/explore/explore,0
http://21.167.189.178/account,1
https://www.stackoverflow.com/search,0
https://www.wikipedia.org/category/wp-content/explore,0
https://www.wikipedia.org/app,0
https://www.example.com/blog/list/tags,0
http://182.64.39.95/banking,1
https://www.amazon.com/category/tags/list,0
https://www.google.com/category/wp-content,0
https://www.amazon.com/blog/wp-content,0
https://www.google.com/tag,0
https://www.github.com/category,0
https://www.example.com/categories/list,0
https://www.amazon.com/main,0
http://113.133.0.92/verify,1
https://www.amazon.com/posts/app/category,0
https://www.google.com/wp-content/wp-content,0
https://www.stackoverflow.com/wp-content/main/search,0
https://www.amazon.com/tags/main/main,0
https://www.google.com/categories/search,0
https://www.example.com/tag/categories/app,0
https://www.amazon.com/search,0
https://www.amazon.com/explore/list,0
http://113.87.88.207/login,1
https://www.stackoverflow.com/tag,0
https://www.stackoverflow.com/categories/posts,0
https://www.stackoverflow.com/tag,0
https://www.stackoverflow.com/main/list,0
https://www.amazon.com/posts,0
http://49.245.178.197/account,1
https://www.example.com/list,0
https://www.google.com/main,0
https://www.wikipedia.org/app/main,0
https://www.example.com/tags/main/categories,0
https://www.example.com/categories/blog/tag,0
https://www.amazon.com/main/blog,0
http://19.74.243.87/login,1
https://www.example.com/wp-content/tags,0
https://www.github.com/app,0
https://www.amazon.com/tags/list/blog,0
https://www.wikipedia.org/app/category,0
https://www.google.com/tags/blog/tags,0
https://www.wikipedia.org/categories/explore/blog,0
https://www.amazon.com/search/list/search,0
https://www.example.com/search/categories,0
https://www.amazon.com/main,0
https://www.google.com/main,0
https://www.github.com/category/tags,0
https://www.amazon.com/search/explore/wp-content,0
https://www.amazon.com/list/main/app,0
http://sense-amazon-com.co/banking,1
https://www.example.com/tags/app/wp-content,0
https://www.stackoverflow.com/wp-content/wp-content,0
https://www.amazon.com/blog/categories,0
https://www.wikipedia.org/wp-content,0
https://www.google.com/tags/tag/category,0
https://www.github.com/search,0
https://www.example.com/list/list/blog,0
https://www.stackoverflow.com/posts,0
https://www.stackoverflow.com/explore/app/blog,0
https://www.github.com/search/search/search,0
https://www.wikipedia.org/app,0
https://www.stackoverflow.com/tags,0
https://www.google.com/search/category/blog,0
https://www.wikipedia.org/blog/tag,0
https://www.github.com/main/list,0
https://www.amazon.com/posts/blog,0
https://www.stackoverflow.com/list/categories,0
https://www.google.com/categories,0
https://www.github.com/search,0
https://www.wikipedia.org/tag,0
https://www.google.com/search,0
https://www.github.com/tag/app/tag,0
https://www.wikipedia.org/tag/categories,0
https://www.amazon.com/category/app,0
https://www.google.com/wp-content,0
https://www.example.com/app/blog,0
https://www.amazon.com/tag/app,0
https://www.google.com/categories/blog,0
http://after-github-com.com/update,1
https://www.wikipedia.org/explore/blog/tag,0
https://www.google.com/categories,0
http://14.142.93.59/secure,1
https://www.stackoverflow.com/category/list,0
https://www.google.com/wp-content,0
https://www.github.com/posts/search,0
https://www.github.com/list/tags,0
http://event-github-com.org/confirm,1
http://81.104.207.138/update,1
http://80.163.195.173/secure,1
https://www.google.com/posts,0
https://www.github.com/categories/categories,0
https://www.example.com/tag,0
https://www.example.com/posts/category/app,0
https://www.stackoverflow.com/blog,0
https://www.wikipedia.org/blog/app/categories,0
https://www.wikipedia.org/categories,0
http://project-google-com.co/confirm,1
http://113.242.178.200/verify,1
https://www.github.com/wp-content/blog/tags,0
https://www.wikipedia.org/tags,0
https://www.wikipedia.org/posts,0
https://www.google.com/blog,0
https://www.wikipedia.org/categories/wp-content/list,0
https://www.stackoverflow.com/posts,0
https://www.wikipedia.org/tag/tags/main,0
http://go-github-com.org/confirm,1
https://www.wikipedia.org/main,0
https://www.github.com/explore/tag/category,0
https://www.stackoverflow.com/blog/main,0
https://www.stackoverflow.com/blog,0
https://www.wikipedia.org/blog/blog,0
http://front-google-com.co/account,1
https://www.github.com/main/category/search,0
https://www.google.com/tag,0
https://www.wikipedia.org/list,0
https://www.amazon.com/tags/wp-content/main,0
https://www.stackoverflow.com/list/category,0
http://191.153.138.122/verify,1
http://yourself-github-com.io/secure,1
https://www.wikipedia.org/wp-content/wp-content,0
https://www.wikipedia.org/posts/tag/search,0
https://www.example.com/main,0
https://www.stackoverflow.com/tag,0
https://www.stackoverflow.com/explore,0
https://www.github.com/tag/explore/posts,0
https://www.stackoverflow.com/category/wp-content,0
https://www.github.com/tag/category,0
https://www.example.com/blog,0
https://www.amazon.com/tag,0
https://www.example.com/posts/tag,0
https://www.wikipedia.org/main/wp-content,0
https://www.example.com/tags,0
https://www.github.com/tags,0
https://www.stackoverflow.com/tag,0
https://www.google.com/categories/wp-content,0
https://www.google.com/blog,0
https://www.github.com/explore,0
https://www.amazon.com/category,0
https://www.wikipedia.org/search,0
https://www.wikipedia.org/app/wp-content,0
https://www.amazon.com/app/tag,0
https://www.wikipedia.org/category/tags/categories,0
https://www.github.com/tag/tags,0
https://www.stackoverflow.com/tag/search,0
https://www.stackoverflow.com/search/main/categories,0
https://www.amazon.com/wp-content/explore,0
https://www.stackoverflow.com/wp-content/posts/list,0
https://www.google.com/categories/explore,0
https://www.example.com/search/app,0
https://www.amazon.com/app/posts,0
https://www.wikipedia.org/app/search,0
https://www.wikipedia.org/category/app/blog,0
http://just-example-com.co/account,1
https://www.google.com/blog/tags,0
https://www.stackoverflow.com/blog/wp-content,0
https://www.wikipedia.org/posts/search,0
http://210.128.183.202/account,1
https://www.google.com/category,0
https://www.github.com/wp-content,0
https://www.amazon.com/blog/tags,0
https://www.amazon.com/list/explore/posts,0
https://www.wikipedia.org/category,0
https://www.google.com/app,0
https://www.wikipedia.org/category/tag,0
http://watch-github-com.io/confirm,1
http://92.131.166.176/update,1
https://www.amazon.com/list/category,0
http://177.93.48.185/banking,1
https://www.stackoverflow.com/posts/tags,0
https://www.github.com/posts,0
https://www.example.com/search,0
https://www.stackoverflow.com/tag/blog,0
http://look-wikipedia-org.com/secure,1
https://www.google.com/search/main,0
https://www.amazon.com/list/blog/search,0
https://www.github.com/tag/main/posts,0
http://brother-wikipedia-org.com/banking,1
https://www.github.com/wp-content/blog/list,0
http://116.103.226.204/verify,1
http://also-wikipedia-org.com/confirm,1
https://www.stackoverflow.com/blog/category/posts,0
http://96.232.37.221/banking,1
https://www.google.com/wp-content/blog,0
https://www.google.com/app,0
https://www.wikipedia.org/main,0
https://www.github.com/app/category/search,0
http://least-example-com.net/account,1
https://www.amazon.com/category/list/categories,0
https://www.amazon.com/tag/posts,0
https://www.google.com/blog/tags,0
https://www.github.com/categories/categories,0
https://www.example.com/category/categories,0
https://www.wikipedia.org/blog/tags/list,0
https://www.stackoverflow.com/blog/tag,0
https://www.amazon.com/category,0
https://www.amazon.com/main/explore/tags,0
http://finally-amazon-com.co/secure,1
https://www.example.com/app/list,0
https://www.wikipedia.org/categories,0
http://perform-amazon-com.net/secure,1
http://139.82.165.237/verify,1
https://www.amazon.com/list,0
http://187.86.215.12/login,1
https://www.wikipedia.org/app,0
https://www.example.com/list/explore/blog,0
https://www.stackoverflow.com/list/explore/posts,0
http://153.116.16.168/banking,1
https://www.wikipedia.org/categories/tag,0
https://www.google.com/explore/categories/search,0
https://www.example.com/app,0
https://www.example.com/wp-content,0
https://www.amazon.com/explore/search,0
https://www.example.com/wp-content/app/search,0
https://www.example.com/category,0
https://www.example.com/main,0
https://www.github.com/posts/app,0
http://level-amazon-com.com/banking,1
https://www.amazon.com/category/main,0
http://163.116.190.24/login,1
https://www.example.com/wp-content/categories,0
http://158.125.30.247/verify,1
http://leave-github-com.co/login,1
https://www.example.com/search,0
https://www.google.com/explore/posts/tag,0
https://www.google.com/app/app/search,0
http://year-stackoverflow-com.co/verify,1
https://www.stackoverflow.com/blog/main/blog,0
https://www.google.com/app/posts,0
https://www.amazon.com/blog,0
https://www.example.com/categories/category,0
https://www.github.com/explore,0
https://www.wikipedia.org/tag/tag/main,0
https://www.wikipedia.org/explore/wp-content/search,0
https://www.wikipedia.org/category/app,0
https://www.google.com/blog/explore,0
https://www.example.com/tag,0
http://182.30.14.104/confirm,1
https://www.amazon.com/list/categories/list,0
https://www.amazon.com/list/blog/category,0
https://www.stackoverflow.com/wp-content,0
https://www.amazon.com/app,0
https://www.google.com/posts/categories/app,0
https://www.amazon.com/app,0
https://www.wikipedia.org/category,0
https://www.amazon.com/list,0
http://22.224.170.184/banking,1
https://www.google.com/blog/wp-content,0
https://www.google.com/tags,0
https://www.stackoverflow.com/wp-content/app/search,0
https://www.example.com/main/app/list,0
http://less-github-com.org/secure,1
https://www.stackoverflow.com/blog,0
https://www.wikipedia.org/list/list/category,0
https://www.example.com/tags,0
https://www.google.com/tags/explore,0
http://teacher-github-com.org/verify,1
https://www.stackoverflow.com/blog/search/main,0
http://200.181.235.74/account,1
https://www.wikipedia.org/app,0
https://www.google.com/tags,0
https://www.example.com/tags,0
https://www.github.com/categories/main,0
https://www.stackoverflow.com/category/main/tag,0
https://www.amazon.com/explore/blog,0
https://www.stackoverflow.com/blog/tag,0
https://www.wikipedia.org/search,0
https://www.example.com/category,0
http://145.144.115.151/banking,1
https://www.example.com/category/app/list,0
https://www.example.com/tags/tags/main,0
https://www.example.com/category/tag,0
https://www.wikipedia.org/category/app,0
https://www.wikipedia.org/search/blog,0
https://www.wikipedia.org/tag/categories/main,0
https://www.amazon.com/tags,0
http://15.45.73.23/account,1
http://maintain-example-com.co/confirm,1
https://www.google.com/list,0
https://www.example.com/main/app,0
http://140.122.98.125/banking,1
https://www.wikipedia.org/tags/tags/main,0
https://www.google.com/blog/tag,0
http://reduce-example-com.co/secure,1
https://www.google.com/tags/app,0
http://Congress-amazon-com.com/banking,1
https://www.example.com/tag/list/posts,0
http://since-amazon-com.co/confirm,1
http://factor-stackoverflow-com.io/verify,1
https://www.github.com/category/tag,0
https://www.wikipedia.org/explore/app,0
https://www.google.com/search,0
http://159.206.127.145/login,1
https://www.github.com/tags/app/explore,0
https://www.github.com/tag/explore,0
https://www.example.com/search/tags/tags,0
https://www.amazon.com/category/tags/posts,0
https://www.amazon.com/tags/categories,0
http://140.96.214.8/update,1
https://www.stackoverflow.com/wp-content/wp-content/categories,0
https://www.amazon.com/categories,0
http://7.56.165.171/account,1
https://www.google.com/tag/tags/wp-content,0
https://www.amazon.com/category/explore,0
https://www.stackoverflow.com/categories/posts,0
https://www.wikipedia.org/search/blog,0
https://www.example.com/list/wp-content,0
https://www.wikipedia.org/main/blog/tag,0
https://www.wikipedia.org/app,0
https://www.google.com/main/main/wp-content,0
https://www.amazon.com/category/search,0
https://www.example.com/wp-content,0
https://www.stackoverflow.com/category/posts,0
http://role-stackoverflow-com.net/confirm,1
https://www.wikipedia.org/blog/app,0
https://www.amazon.com/list/search,0
https://www.github.com/tags/tag/main,0
https://www.github.com/main/explore/tag,0
https://www.example.com/list,0
https://www.amazon.com/tag/tag,0
https://www.github.com/blog,0
https://www.stackoverflow.com/list,0
https://www.github.com/app/explore/app,0
https://www.github.com/category,0
https://www.stackoverflow.com/categories/list,0
https://www.example.com/blog/tag/main,0
https://www.github.com/tags/wp-content,0
https://www.google.com/list/tags/tags,0
https://www.stackoverflow.com/list/posts/tags,0
https://www.wikipedia.org/posts/wp-content/wp-content,0
https://www.google.com/blog,0
https://www.stackoverflow.com/posts/categories,0
https://www.stackoverflow.com/blog,0
https://www.wikipedia.org/posts/categories/posts,0
https://www.google.com/tag,0
http://must-google-com.net/secure,1
http://can-wikipedia-org.io/secure,1
https://www.wikipedia.org/wp-content/list,0
https://www.github.com/explore/main,0
https://www.stackoverflow.com/category/blog,0
https://www.wikipedia.org/tag,0
http://always-google-com.net/banking,1
https://www.google.com/posts/tags,0
https://www.example.com/tags/wp-content/categories,0
https://www.stackoverflow.com/wp-content/tags,0
https://www.amazon.com/main,0
https://www.google.com/tags/app/explore,0
https://www.google.com/explore/tags,0
https://www.github.com/list,0
https://www.example.com/search,0
https://www.google.com/wp-content/list,0
https://www.amazon.com/blog/app/category,0
http://106.119.218.69/verify,1
https://www.amazon.com/tags/tag,0
https://www.amazon.com/main/app/category,0
https://www.example.com/blog/tag,0
https://www.wikipedia.org/list/explore/blog,0
https://www.github.com/explore,0
https://www.amazon.com/tag/categories/app,0
https://www.github.com/app/tags/tag,0
https://www.example.com/categories/posts,0
http://want-stackoverflow-com.io/account,1
https://www.github.com/wp-content/app/wp-content,0
https://www.wikipedia.org/search/blog,0
https://www.amazon.com/category,0
https://www.wikipedia.org/categories,0
https://www.stackoverflow.com/app,0
https://www.example.com/wp-content/main/explore,0
https://www.wikipedia.org/tag/wp-content/category,0
https://www.example.com/categories/posts/main,0
https://www.amazon.com/posts/posts/app,0
https://www.example.com/posts,0
https://www.stackoverflow.com/app/wp-content,0
https://www.stackoverflow.com/explore/wp-content,0
https://www.google.com/category/wp-content,0
https://www.wikipedia.org/category/posts/posts,0
https://www.wikipedia.org/blog/search/app,0
https://www.example.com/blog,0
https://www.example.com/blog/list/categories,0
https://www.amazon.com/blog/categories/list,0
https://www.github.com/app,0
https://www.wikipedia.org/tags/tags/categories,0
http://leader-stackoverflow-com.com/login,1
https://www.github.com/explore/categories/posts,0
https://www.stackoverflow.com/tags/list,0
https://www.google.com/blog/explore,0
http://81.27.43.131/secure,1
https://www.amazon.com/app/categories/tag,0
https://www.google.com/tag,0
https://www.stackoverflow.com/tags/category/wp-content,0
https://www.google.com/explore/search,0
https://www.google.com/list/tags,0
https://www.wikipedia.org/main/app,0
https://www.github.com/blog/categories,0
https://www.google.com/tag/main/main,0
https://www.github.com/tag/list/category,0
https://www.wikipedia.org/main/explore/explore,0
http://economic-wikipedia-org.co/update,1
https://www.stackoverflow.com/app,0
https://www.example.com/tags,0
https://www.wikipedia.org/wp-content,0
https://www.wikipedia.org/posts/blog,0
http://223.61.120.224/account,1
http://thousand-wikipedia-org.com/secure,1
http://kind-github-com.net/account,1
https://www.github.com/tag/list/tag,0
https://www.amazon.com/wp-content/categories/app,0
https://www.google.com/main/category,0
https://www.wikipedia.org/category/tags/app,0
http://wonder-google-com.co/login,1
https://www.github.com/categories/list,0
https://www.github.com/app,0
https://www.google.com/category/app,0
https://www.github.com/categories,0
https://www.stackoverflow.com/list/list/blog,0
https://www.example.com/category/list,0
https://www.example.com/explore/wp-content,0
https://www.example.com/list/main/main,0
https://www.wikipedia.org/search/category,0
http://least-google-com.org/confirm,1
https://www.stackoverflow.com/wp-content/wp-content,0
https://www.stackoverflow.com/category,0
https://www.wikipedia.org/explore/explore/search,0
https://www.wikipedia.org/search,0
https://www.amazon.com/posts/categories/category,0
https://www.example.com/tags,0
http://44.189.165.1/secure,1
https://www.amazon.com/app,0
https://www.example.com/blog,0
http://91.197.221.164/secure,1
https://www.wikipedia.org/search/list/tag,0
https://www.github.com/blog/blog,0
https://www.stackoverflow.com/tags/blog,0
https://www.github.com/categories,0
https://www.google.com/categories,0
http://well-wikipedia-org.com/banking,1
http://brother-wikipedia-org.net/secure,1
https://www.github.com/posts/posts/categories,0
https://www.wikipedia.org/search/blog,0
https://www.github.com/tags/app/posts,0
https://www.wikipedia.org/list,0
https://www.amazon.com/categories/tags,0
https://www.example.com/main/search/main,0
https://www.amazon.com/list/posts,0
https://www.wikipedia.org/tags/categories/categories,0
https://www.stackoverflow.com/blog,0
https://www.wikipedia.org/explore/wp-content/posts,0
https://www.google.com/blog,0
https://www.stackoverflow.com/app/main,0
https://www.example.com/category/search/list,0
https://www.google.com/explore/blog/categories,0
http://citizen-example-com.com/login,1
https://www.amazon.com/category/search/blog,0
https://www.stackoverflow.com/blog/categories,0
https://www.example.com/search/tags,0
https://www.amazon.com/app/explore/search,0
https://www.wikipedia.org/posts,0
https://www.wikipedia.org/blog,0
http://yet-google-com.io/confirm,1
https://www.amazon.com/category/search,0
https://www.github.com/posts,0
https://www.github.com/tags,0
https://www.example.com/list/app/explore,0
https://www.stackoverflow.com/categories/search,0
https://www.stackoverflow.com/app/category,0
https://www.amazon.com/search,0
https://www.amazon.com/explore,0
http://87.199.2.248/secure,1
https://www.amazon.com/explore/tags,0
https://www.wikipedia.org/search/category,0
https://www.wikipedia.org/tag,0
https://www.example.com/main,0
https://www.wikipedia.org/list,0
http://183.19.210.6/confirm,1
https://www.stackoverflow.com/app/category,0
http://house-stackoverflow-com.net/update,1
http://trade-wikipedia-org.org/banking,1
https://www.stackoverflow.com/tag/app,0
https://www.google.com/app/category,0
https://www.example.com/blog,0
http://169.95.99.135/verify,1
https://www.google.com/tag/search/categories,0
https://www.example.com/wp-content/posts/categories,0
http://energy-example-com.org/confirm,1
https://www.google.com/main/tags/tag,0
https://www.github.com/tags,0
https://www.amazon.com/posts,0
https://www.amazon.com/app/wp-content/list,0
https://www.google.com/explore,0
https://www.example.com/blog/explore/posts,0
https://www.stackoverflow.com/posts,0
http://capital-example-com.com/update,1
https://www.amazon.com/wp-content,0
https://www.stackoverflow.com/tag/posts,0
http://25.223.20.165/verify,1
https://www.google.com/category,0
http://Republican-amazon-com.co/banking,1
https://www.github.com/wp-content/app/app,0
https://www.wikipedia.org/categories/main/tags,0
https://www.google.com/main/tag/wp-content,0
http://project-google-com.com/update,1
http://work-google-com.org/account,1
http://old-example-com.io/update,1
https://www.example.com/search,0
https://www.example.com/app,0
https://www.github.com/list/categories/main,0
http://everyone-google-com.org/banking,1
https://www.example.com/explore/wp-content,0
https://www.google.com/explore/posts/wp-content,0
https://www.wikipedia.org/wp-content/wp-content,0
https://www.github.com/blog,0
https://www.example.com/search/main,0
https://www.stackoverflow.com/tag/category,0
https://www.stackoverflow.com/category/posts/app,0
http://reason-stackoverflow-com.net/secure,1
https://www.stackoverflow.com/explore/app,0
https://www.wikipedia.org/explore,0
https://www.example.com/list/categories,0
https://www.example.com/explore/blog,0
https://www.amazon.com/blog,0
https://www.github.com/tag,0
https://www.example.com/posts/list,0
https://www.google.com/main,0
https://www.wikipedia.org/search/blog,0
https://www.wikipedia.org/blog/explore/tag,0
https://www.example.com/blog,0
http://prove-github-com.org/secure,1
https://www.google.com/tags,0
https://www.github.com/tags/list,0
https://www.wikipedia.org/tags/blog,0
https://www.wikipedia.org/category,0
https://www.wikipedia.org/explore/list/main,0
https://www.stackoverflow.com/posts/tags/posts,0
http://82.224.170.102/account,1
http://125.160.24.88/secure,1
https://www.stackoverflow.com/posts,0
https://www.github.com/tags/search/tag,0
https://www.wikipedia.org/app,0
https://www.stackoverflow.com/explore/category,0
https://www.google.com/categories,0
https://www.google.com/tag/categories,0
https://www.stackoverflow.com/list/search,0
https://www.google.com/wp-content/list,0
https://www.stackoverflow.com/category/tag/posts,0
http://large-example-com.co/secure,1
https://www.wikipedia.org/category/tags,0
https://www.amazon.com/tags/app,0
https://www.github.com/wp-content/search/posts,0
https://www.amazon.com/search,0
https://www.github.com/main/tag/wp-content,0
https://www.wikipedia.org/explore/categories,0
https://www.amazon.com/tags/main,0
http://134.48.60.63/account,1
https://www.google.com/category/main,0
https://www.stackoverflow.com/wp-content/wp-content/category,0
https://www.wikipedia.org/list,0
https://www.amazon.com/posts/wp-content,0
https://www.amazon.com/category/tags/app,0
http://debate-github-com.org/login,1
https://www.google.com/tag/posts,0
https://www.wikipedia.org/list/main,0
https://www.github.com/search/wp-content/search,0
http://then-github-com.org/verify,1
https://www.stackoverflow.com/posts/tag/blog,0
https://www.example.com/posts,0
https://www.github.com/main/posts/app,0
https://www.amazon.com/explore/category/main,0
https://www.wikipedia.org/tag,0
http://nearly-stackoverflow-com.net/secure,1
http://office-wikipedia-org.net/banking,1
https://www.amazon.com/tags/categories,0
https://www.amazon.com/tags/main,0
http://148.26.10.20/secure,1
https://www.wikipedia.org/blog/tag/app,0
https://www.example.com/search/search,0
http://tree-stackoverflow-com.co/banking,1
https://www.stackoverflow.com/wp-content/tag,0
https://www.example.com/tags/main/tag,0
http://60.29.76.41/login,1
https://www.stackoverflow.com/tags/posts,0
https://www.amazon.com/categories,0
https://www.github.com/blog,0
https://www.example.com/explore,0
https://www.wikipedia.org/search/search,0
http://before-github-com.net/verify,1
https://www.stackoverflow.com/app/search/category,0
https://www.wikipedia.org/posts,0
https://www.wikipedia.org/main/main/explore,0
http://14.233.110.239/banking,1
https://www.google.com/category,0
https://www.github.com/search/app/tag,0
http://190.114.3.228/login,1
https://www.stackoverflow.com/list,0
https://www.amazon.com/category/tags/main,0
http://45.151.14.173/confirm,1
http://else-google-com.com/secure,1
https://www.example.com/blog/category,0
https://www.github.com/app,0
https://www.github.com/tag,0
http://38.30.194.203/banking,1
https://www.example.com/tag/blog,0
https://www.example.com/blog/search,0
https://www.amazon.com/tag,0
https://www.github.com/wp-content/tag,0
https://www.stackoverflow.com/search/blog/main,0
https://www.github.com/app/tag,0
http://64.94.122.154/verify,1
https://www.stackoverflow.com/main/category,0
https://www.stackoverflow.com/main/explore/list,0
https://www.stackoverflow.com/category,0
https://www.google.com/category/search/list,0
http://reach-stackoverflow-com.co/confirm,1
https://www.amazon.com/search/posts,0
https://www.amazon.com/tag/wp-content/categories,0
https://www.wikipedia.org/wp-content/category,0
https://www.wikipedia.org/app/list/app,0
http://120.140.117.119/update,1
https://www.example.com/posts/search,0
https://www.wikipedia.org/tags,0
http://sell-amazon-com.com/login,1
https://www.stackoverflow.com/search,0
https://www.stackoverflow.com/list/posts/tags,0
https://www.google.com/explore/posts,0
https://www.wikipedia.org/explore/search/category,0
https://www.google.com/app,0
https://www.stackoverflow.com/app/blog/search,0
http://179.250.230.8/account,1
https://www.amazon.com/tags/app/main,0
https://www.github.com/tag/wp-content/app,0
http://mind-amazon-com.org/login,1
https://www.wikipedia.org/posts/wp-content/explore,0
https://www.wikipedia.org/wp-content/wp-content,0
http://model-google-com.org/update,1
https://www.stackoverflow.com/categories,0
https://www.wikipedia.org/list/app/posts,0
https://www.github.com/list,0
https://www.amazon.com/list/search,0
https://www.github.com/category,0
https://www.google.com/wp-content/wp-content,0
https://www.stackoverflow.com/wp-content,0
https://www.wikipedia.org/posts/tags,0
https://www.github.com/search/wp-content,0
https://www.google.com/list/explore,0
https://www.google.com/tag/wp-content/search,0
http://hope-stackoverflow-com.org/verify,1
https://www.github.com/search,0
https://www.wikipedia.org/tags/posts/tags,0
https://www.google.com/main/app,0
http://hundred-google-com.org/confirm,1
https://www.google.com/explore,0
http://93.86.73.200/update,1
http://108.21.138.214/confirm,1
https://www.wikipedia.org/explore,0
https://www.amazon.com/main/tags,0
https://www.amazon.com/main,0
https://www.amazon.com/search/posts,0
https://www.wikipedia.org/tags/main/wp-content,0
https://www.github.com/tag/blog,0
https://www.example.com/explore/main/category,0
https://www.github.com/list/wp-content,0
https://www.google.com/app,0
https://www.google.com/main/posts,0
https://www.wikipedia.org/tags/wp-content/categories,0
https://www.google.com/tag,0
https://www.wikipedia.org/tags/tags,0
https://www.example.com/tags/search/categories,0
https://www.wikipedia.org/list/categories,0
http://computer-github-com.org/account,1
https://www.github.com/tag,0
https://www.example.com/list,0
https://www.amazon.com/search/tag,0
https://www.example.com/posts,0
https://www.google.com/tags/tag,0
https://www.example.com/category/main,0
https://www.google.com/list/posts/blog,0
https://www.wikipedia.org/blog/explore/wp-content,0
https://www.wikipedia.org/categories,0
https://www.amazon.com/category/category,0
https://www.amazon.com/app/app,0
https://www.wikipedia.org/main,0
https://www.github.com/wp-content,0
https://www.amazon.com/app/wp-content/posts,0
https://www.stackoverflow.com/explore/tag/posts,0
https://www.google.com/posts/posts/wp-content,0
https://www.amazon.com/search/categories,0
https://www.stackoverflow.com/search/posts,0
https://www.example.com/posts/tag,0
https://www.google.com/categories/blog/wp-content,0
https://www.amazon.com/list/explore,0
https://www.stackoverflow.com/blog/category/category,0
https://www.amazon.com/wp-content/tags,0
http://98.187.151.186/login,1
https://www.wikipedia.org/wp-content/posts/wp-content,0
https://www.stackoverflow.com/tag,0
https://www.amazon.com/tags,0
https://www.google.com/list,0
https://www.example.com/posts/tag,0
https://www.example.com/categories,0
https://www.amazon.com/blog/tags/posts,0
https://www.google.com/explore/explore/search,0
https://www.example.com/tag,0
https://www.amazon.com/posts/category,0
https://www.github.com/app,0
https://www.google.com/app/list/app,0
https://www.github.com/app,0
https://www.google.com/wp-content,0
https://www.stackoverflow.com/explore,0
https://www.stackoverflow.com/search,0
https://www.wikipedia.org/category/category/wp-content,0
https://www.stackoverflow.com/tags/wp-content,0
https://www.amazon.com/wp-content,0
https://www.wikipedia.org/category/search/search,0
https://www.stackoverflow.com/wp-content,0
https://www.stackoverflow.com/posts/tags,0
https://www.stackoverflow.com/blog/blog,0
https://www.example.com/category,0
https://www.amazon.com/search/list,0
https://www.wikipedia.org/tag,0
https://www.example.com/app/search/list,0
https://www.google.com/tag/list,0
https://www.wikipedia.org/categories/posts,0
https://www.stackoverflow.com/list,0
http://86.150.198.17/update,1
https://www.stackoverflow.com/main/wp-content/categories,0
https://www.example.com/search,0
https://www.google.com/explore,0
https://www.github.com/category/category/posts,0
https://www.example.com/tags/app,0
https://www.github.com/explore,0
https://www.wikipedia.org/posts/categories,0
https://www.stackoverflow.com/main,0
http://already-stackoverflow-com.io/update,1
https://www.stackoverflow.com/tag/categories,0
https://www.google.com/wp-content,0
http://deep-stackoverflow-com.org/banking,1
https://www.amazon.com/categories/category/category,0
https://www.github.com/tags,0
https://www.example.com/blog/tag/posts,0
https://www.stackoverflow.com/category/list/list,0
https://www.amazon.com/tag/app,0
https://www.amazon.com/categories/app/tags,0
https://www.google.com/categories/categories/explore,0
http://151.224.127.92/verify,1
https://www.stackoverflow.com/tags,0
https://www.wikipedia.org/categories/tag/categories,0
https://www.example.com/categories/tags,0
https://www.wikipedia.org/list,0
http://network-github-com.net/update,1
http://200.126.74.170/verify,1
http://very-github-com.com/verify,1
https://www.google.com/categories/categories/posts,0
http://145.118.190.247/update,1
https://www.google.com/main/wp-content,0
https://www.github.com/main/blog/app,0
http://change-example-com.net/login,1
https://www.amazon.com/main/category,0
https://www.wikipedia.org/list/search,0
https://www.google.com/list/list,0
https://www.example.com/wp-content/wp-content,0
https://www.example.com/tags,0
https://www.example.com/wp-content,0
https://www.stackoverflow.com/posts/tags/category,0
https://www.google.com/categories/posts,0
https://www.github.com/category/categories/blog,0
http://100.150.193.191/login,1
https://www.example.com/main/app,0
https://www.stackoverflow.com/blog/category/list,0
https://www.stackoverflow.com/category,0
https://www.github.com/tags/list/wp-content,0
https://www.stackoverflow.com/explore/blog/blog,0
https://www.example.com/blog/app,0
https://www.amazon.com/category/tag,0
https://www.google.com/app/wp-content/app,0
https://www.stackoverflow.com/posts/tag/categories,0
https://www.github.com/blog,0
https://www.amazon.com/categories/categories/search,0
https://www.github.com/tags/tags,0
https://www.google.com/list/search,0
http://especially-example-com.co/banking,1
https://www.github.com/search,0
https://www.google.com/category,0
https://www.github.com/search/category/blog,0
http://concern-amazon-com.net/banking,1
https://www.github.com/blog/explore,0
https://www.google.com/tag/tag/tags,0
https://www.github.com/posts,0
http://want-wikipedia-org.org/confirm,1
https://www.google.com/main/app/search,0
https://www.google.com/categories/list/blog,0
http://them-amazon-com.org/banking,1
http://present-stackoverflow-com.org/confirm,1
https://www.stackoverflow.com/main/main/explore,0
http://185.86.130.138/banking,1
http://able-google-com.co/login,1
https://www.stackoverflow.com/posts/categories,0
http://69.17.128.155/secure,1
http://score-github-com.io/secure,1
https://www.github.com/list,0
https://www.google.com/tag/search,0
https://www.google.com/posts,0
https://www.wikipedia.org/category/wp-content/category,0
http://away-github-com.org/confirm,1
http://213.127.13.121/verify,1
https://www.stackoverflow.com/search/main,0
https://www.amazon.com/search/wp-content/categories,0
https://www.stackoverflow.com/category,0
https://www.stackoverflow.com/wp-content/explore,0
https://www.google.com/app/search,0
https://www.amazon.com/app/explore,0
http://long-github-com.com/confirm,1
https://www.wikipedia.org/blog/search,0
https://www.wikipedia.org/blog/explore,0
https://www.stackoverflow.com/blog/blog/list,0
https://www.wikipedia.org/tags/posts/wp-content,0
http://166.235.142.231/account,1
https://www.amazon.com/list/app/main,0
https://www.google.com/categories/main/search,0
https://www.example.com/category/explore,0
https://www.amazon.com/blog,0
https://www.wikipedia.org/posts,0
https://www.google.com/app/app,0
https://www.github.com/tags/app,0
https://www.stackoverflow.com/blog/category,0
https://www.wikipedia.org/list,0
http://friend-wikipedia-org.org/account,1
https://www.amazon.com/app/tag/tags,0
https://www.amazon.com/main,0
https://www.amazon.com/app/blog,0
https://www.example.com/list/wp-content,0
https://www.wikipedia.org/tag/categories/app,0
https://www.github.com/wp-content/posts/explore,0
https://www.google.com/tag/posts/wp-content,0
https://www.amazon.com/tags,0
http://71.89.231.130/update,1
http://47.94.58.234/confirm,1
https://www.google.com/app,0
https://www.stackoverflow.com/search,0
https://www.github.com/tag,0
https://www.github.com/categories/posts,0
https://www.stackoverflow.com/tag/search,0
https://www.amazon.com/search,0
https://www.github.com/main,0
https://www.github.com/tag,0
https://www.stackoverflow.com/posts,0
http://join-wikipedia-org.co/update,1
https://www.example.com/wp-content/search/categories,0
https://www.github.com/search/main/tags,0
https://www.github.com/main,0
https://www.github.com/search/wp-content,0
http://129.224.239.24/banking,1
http://design-stackoverflow-com.io/banking,1
https://www.stackoverflow.com/explore/explore/blog,0
https://www.example.com/search,0
http://bag-github-com.com/update,1
https://www.stackoverflow.com/posts/tags,0
https://www.wikipedia.org/explore,0
https://www.wikipedia.org/tag/main,0
https://www.wikipedia.org/search/list,0
https://www.github.com/wp-content/main/explore,0
https://www.github.com/wp-content/categories,0
https://www.google.com/main/main/search,0
https://www.example.com/category,0
https://www.wikipedia.org/tags/blog/posts,0
http://141.140.235.59/secure,1
https://www.amazon.com/search/list/category,0
https://www.amazon.com/tag/categories,0
https://www.github.com/wp-content/wp-content/blog,0
https://www.amazon.com/app/blog,0
https://www.amazon.com/app/tag,0
https://www.github.com/wp-content,0
https://www.wikipedia.org/explore,0
https://www.example.com/tags/search/app,0
https://www.wikipedia.org/search/tag,0
http://democratic-stackoverflow-com.net/update,1
https://www.wikipedia.org/tags,0
https://www.example.com/app/category,0
http://change-google-com.com/verify,1
https://www.wikipedia.org/tags/explore,0
https://www.github.com/search/main/main,0
https://www.stackoverflow.com/list,0
https://www.amazon.com/main/explore,0
https://www.stackoverflow.com/category/posts/category,0
http://finish-amazon-com.org/account,1
https://www.wikipedia.org/tags,0
https://www.amazon.com/explore,0
https://www.github.com/wp-content,0
https://www.amazon.com/explore/search,0
https://www.stackoverflow.com/explore/wp-content,0
https://www.example.com/tag/tags,0
https://www.wikipedia.org/tags/tag,0
https://www.example.com/search/tag/list,0
https://www.stackoverflow.com/categories,0
https://www.amazon.com/categories/blog/app,0
https://www.amazon.com/explore,0
https://www.stackoverflow.com/search,0
https://www.google.com/wp-content,0
https://www.example.com/tags/categories,0
https://www.github.com/categories/main/main,0
http://local-wikipedia-org.io/update,1
https://www.google.com/wp-content,0
https://www.google.com/explore/tags/tag,0
http://152.160.175.77/banking,1
https://www.google.com/category,0
https://www.amazon.com/search/main/categories,0
https://www.wikipedia.org/category,0
https://www.wikipedia.org/tag/tag/main,0
http://34.169.215.180/account,1
https://www.example.com/blog,0
https://www.wikipedia.org/categories/search,0
http://rock-github-com.org/secure,1
https://www.example.com/categories,0
https://www.wikipedia.org/categories,0
https://www.example.com/list/list/explore,0
https://www.amazon.com/categories/blog,0
http://away-google-com.com/banking,1
https://www.stackoverflow.com/posts/posts,0
https://www.google.com/list/category/blog,0
http://home-wikipedia-org.net/verify,1
http://140.40.203.119/update,1
https://www.google.com/explore,0
https://www.wikipedia.org/explore/tag,0
https://www.wikipedia.org/app/categories/category,0
http://value-example-com.org/secure,1
http://animal-amazon-com.io/confirm,1
http://32.244.167.231/update,1
https://www.github.com/app,0
https://www.example.com/list/wp-content/blog,0
https://www.google.com/blog/posts,0
https://www.google.com/app/wp-content/main,0
https://www.github.com/app,0
https://www.stackoverflow.com/main/wp-content/categories,0
https://www.github.com/tags/posts,0
https://www.wikipedia.org/list/main/blog,0
http://person-amazon-com.io/banking,1
https://www.amazon.com/main/explore/tag,0
https://www.google.com/search,0
https://www.example.com/search,0
https://www.wikipedia.org/tag,0
https://www.google.com/categories/wp-content/categories,0
https://www.amazon.com/blog/app/blog,0
https://www.amazon.com/list,0
https://www.example.com/categories/posts/tag,0
https://www.example.com/blog,0
http://175.169.111.93/banking,1
https://www.example.com/main/categories/tag,0
https://www.stackoverflow.com/explore/posts,0
https://www.wikipedia.org/categories,0
https://www.wikipedia.org/list,0
https://www.example.com/blog/wp-content/tags,0
https://www.amazon.com/posts/posts,0
https://www.stackoverflow.com/search/search,0
https://www.wikipedia.org/search/categories/category,0
http://experience-stackoverflow-com.io/confirm,1
https://www.example.com/app,0
https://www.stackoverflow.com/main/app,0
https://www.stackoverflow.com/app/blog/explore,0
https://www.stackoverflow.com/tags/posts/tags,0
https://www.amazon.com/posts,0
https://www.wikipedia.org/blog/main/wp-content,0
https://www.example.com/categories/app/app,0
https://www.example.com/blog,0
https://www.wikipedia.org/wp-content/tags,0
http://146.136.107.212/login,1
https://www.stackoverflow.com/posts,0
https://www.google.com/categories/posts/app,0
http://property-github-com.io/secure,1
https://www.wikipedia.org/tags/wp-content,0
https://www.stackoverflow.com/app,0
https://www.example.com/category/app/tag,0
http://201.91.235.205/banking,1
https://www.github.com/category,0
https://www.amazon.com/wp-content/list,0
https://www.github.com/main/list,0
https://www.amazon.com/posts,0
https://www.wikipedia.org/list/explore/main,0
https://www.example.com/search/explore/search,0
https://www.google.com/categories,0
https://www.example.com/list,0
https://www.example.com/tags/explore,0
https://www.wikipedia.org/posts/search,0
https://www.stackoverflow.com/blog,0
https://www.example.com/categories/search/list,0
http://you-github-com.org/update,1
https://www.github.com/tags/wp-content/wp-content,0
https://www.amazon.com/search,0
http://might-amazon-com.net/account,1
https://www.github.com/explore,0
https://www.google.com/tag/tags,0
https://www.google.com/app,0
https://www.google.com/tags,0
http://42.40.186.140/update,1
https://www.amazon.com/categories,0
https://www.amazon.com/category/search/blog,0
https://www.wikipedia.org/tag,0
https://www.example.com/wp-content/category/posts,0
http://119.227.155.218/account,1
https://www.wikipedia.org/app/posts/category,0
https://www.stackoverflow.com/blog/category,0
https://www.stackoverflow.com/search/tag/posts,0
https://www.github.com/list,0
https://www.amazon.com/app/list/posts,0
https://www.example.com/posts,0
https://www.amazon.com/main/category/posts,0
https://www.example.com/list/blog/list,0
https://www.example.com/category/app/main,0
https://www.google.com/main,0
https://www.wikipedia.org/category/main,0
https://www.amazon.com/category/list/tags,0
https://www.amazon.com/explore/categories/categories,0
https://www.github.com/main,0
https://www.github.com/explore/categories,0
https://www.amazon.com/explore,0
https://www.amazon.com/tag,0
https://www.github.com/wp-content/app,0
http://28.61.210.199/banking,1
https://www.amazon.com/app/tag,0
https://www.github.com/categories/wp-content,0
https://www.example.com/list/categories/search,0
https://www.github.com/categories/blog,0
https://www.amazon.com/explore/categories,0
https://www.github.com/wp-content/explore/wp-content,0
https://www.google.com/blog/tag,0
https://www.github.com/tag,0
https://www.amazon.com/app,0
http://raise-example-com.net/login,1
https://www.github.com/blog/tag/explore,0
https://www.google.com/categories/wp-content/categories,0
https://www.example.com/search,0
http://build-wikipedia-org.io/secure,1
https://www.wikipedia.org/app/search/categories,0
https://www.github.com/tags/list,0
https://www.stackoverflow.com/search/wp-content/search,0
https://www.google.com/search/categories,0
https://www.google.com/tags/search/posts,0
http://1.113.47.108/banking,1
https://www.wikipedia.org/categories/list,0
https://www.google.com/app,0
http://wonder-amazon-com.com/secure,1
http://benefit-example-com.com/banking,1
https://www.github.com/tag/categories/blog,0
https://www.amazon.com/search,0
https://www.example.com/category/app,0
http://87.76.70.161/verify,1
http://behind-github-com.net/update,1
http://reflect-google-com.io/banking,1
https://www.stackoverflow.com/search,0
https://www.github.com/app/app/posts,0
http://town-stackoverflow-com.net/banking,1
https://www.wikipedia.org/app/app,0
https://www.amazon.com/explore/category/blog,0
http://3.18.14.98/account,1
https://www.example.com/search/blog,0
https://www.github.com/list/posts/explore,0
https://www.github.com/categories/main/search,0
https://www.google.com/explore/list/categories,0
https://www.wikipedia.org/category/category/main,0
https://www.example.com/search/search,0
https://www.wikipedia.org/category/main,0
https://www.stackoverflow.com/tag/tag,0
https://www.github.com/search,0
https://www.amazon.com/category/wp-content/explore,0
https://www.amazon.com/app,0
https://www.amazon.com/explore/app/app,0
https://www.amazon.com/explore/tags/explore,0
http://201.232.132.129/account,1
https://www.stackoverflow.com/blog/list/app,0
https://www.github.com/app/tag/blog,0
https://www.github.com/tag/posts,0
https://www.amazon.com/wp-content/tag,0
https://www.wikipedia.org/explore,0
http://offer-github-com.io/update,1
http://163.114.135.241/banking,1
https://www.google.com/categories/search,0
https://www.wikipedia.org/explore/tags/posts,0
https://www.github.com/tag/posts,0
http://207.167.28.73/secure,1
https://www.wikipedia.org/wp-content,0
https://www.example.com/search/explore,0
https://www.github.com/list/blog,0
https://www.wikipedia.org/list,0
https://www.google.com/search/category,0
https://www.wikipedia.org/main/tag,0
http://structure-google-com.net/verify,1
https://www.stackoverflow.com/main,0
https://www.amazon.com/wp-content,0
https://www.github.com/tags,0
http://65.33.224.224/login,1
https://www.example.com/category/categories/categories,0
http://southern-github-com.com/update,1
https://www.stackoverflow.com/categories/tag,0
https://www.google.com/posts/posts/list,0
https://www.example.com/tag,0
https://www.example.com/list/main/tag,0
https://www.github.com/tag,0
http://79.53.148.241/secure,1
https://www.amazon.com/tag,0
https://www.google.com/posts/categories/search,0
https://www.stackoverflow.com/blog,0
https://www.stackoverflow.com/app/tag,0
http://182.30.33.167/login,1
http://society-google-com.io/banking,1
https://www.github.com/category,0
https://www.google.com/category,0
https://www.stackoverflow.com/wp-content,0
https://www.github.com/tags/tags/tag,0
https://www.wikipedia.org/wp-content/posts,0
https://www.amazon.com/explore,0
https://www.wikipedia.org/app/blog/wp-content,0
https://www.google.com/categories/posts/app,0
https://www.example.com/category,0
https://www.amazon.com/app,0
http://118.185.212.235/confirm,1
https://www.github.com/categories/list,0
https://www.wikipedia.org/categories/posts/main,0
https://www.google.com/app/category,0
https://www.github.com/blog/main,0
https://www.amazon.com/tag/tag,0
http://remember-github-com.net/secure,1
https://www.amazon.com/posts/tags/tags,0
https://www.example.com/app/blog/tag,0
https://www.example.com/categories/search/wp-content,0
https://www.github.com/list/posts/posts,0
https://www.wikipedia.org/blog,0
https://www.amazon.com/blog,0
https://www.github.com/list/categories,0
https://www.google.com/wp-content/main/tags,0
http://join-amazon-com.net/update,1
https://www.github.com/categories,0
https://www.wikipedia.org/wp-content/explore/blog,0
http://18.32.135.206/login,1
https://www.github.com/explore/tag,0
http://99.73.211.176/secure,1
https://www.github.com/explore/categories/search,0
http://139.131.207.179/banking,1
https://www.amazon.com/category/main/list,0
https://www.amazon.com/categories/tags/explore,0
https://www.google.com/blog/blog/search,0
http://144.128.42.26/login,1
https://www.wikipedia.org/posts/posts,0
https://www.github.com/app/app,0
https://www.stackoverflow.com/posts/tag/explore,0
https://www.github.com/tag,0
https://www.example.com/main/search,0
https://www.example.com/app/blog/posts,0
https://www.example.com/list/explore/categories,0
https://www.amazon.com/tag/explore,0
http://senior-github-com.org/secure,1
https://www.example.com/list/main,0
http://very-wikipedia-org.net/secure,1
https://www.github.com/main/categories/categories,0
https://www.wikipedia.org/tags,0
https://www.wikipedia.org/list/app,0
http://type-wikipedia-org.com/verify,1
https://www.example.com/app,0
https://www.google.com/search,0
https://www.example.com/list/posts,0
https://www.example.com/list/wp-content/explore,0
https://www.stackoverflow.com/wp-content/tags/explore,0
https://www.example.com/app/category,0
https://www.stackoverflow.com/tag/tag,0
https://www.wikipedia.org/wp-content/category/tag,0
https://www.github.com/search,0
http://42.103.90.181/verify,1
https://www.amazon.com/list/wp-content,0
https://www.stackoverflow.com/tags/app/search,0
https://www.example.com/search/tags,0
https://www.google.com/posts/wp-content,0
http://178.2.202.72/update,1
https://www.amazon.com/explore/app/list,0
https://www.example.com/search/tags,0
https://www.stackoverflow.com/tag/tag/posts,0
https://www.github.com/wp-content/posts/tag,0
https://www.wikipedia.org/posts,0
https://www.amazon.com/app/list/categories,0
https://www.google.com/explore/tags/posts,0
https://www.github.com/list/posts/list,0
https://www.amazon.com/tag/app,0
https://www.amazon.com/posts,0
https://www.github.com/category/main/app,0
https://www.example.com/list/category/explore,0
https://www.wikipedia.org/tag/category,0
https://www.google.com/app,0
http://she-example-com.co/account,1
https://www.github.com/tags/main/app,0
https://www.example.com/posts/list,0
https://www.google.com/category/app/posts,0
https://www.example.com/search/app,0
http://56.118.143.173/banking,1
https://www.wikipedia.org/wp-content/explore/category,0
http://list-wikipedia-org.co/verify,1
https://www.example.com/tags,0
http://hotel-amazon-com.org/confirm,1
https://www.google.com/main/list,0
https://www.example.com/app,0
http://111.55.77.136/account,1
https://www.example.com/categories/wp-content,0
https://www.stackoverflow.com/wp-content/blog/search,0
https://www.github.com/app/blog,0
https://www.stackoverflow.com/tag/category/blog,0
https://www.example.com/tag/app/list,0
https://www.stackoverflow.com/explore,0
https://www.wikipedia.org/categories/tags,0
https://www.stackoverflow.com/search,0
https://www.example.com/tag/explore/list,0
https://www.example.com/tag/tags,0
https://www.github.com/explore/category,0
https://www.github.com/search/posts/search,0
http://195.44.149.49/secure,1
http://mouth-stackoverflow-com.net/update,1
http://fear-google-com.io/secure,1
https://www.amazon.com/categories,0
https://www.example.com/explore/tags/explore,0
https://www.wikipedia.org/app/tag/category,0
http://trouble-example-com.org/verify,1
https://www.example.com/explore/tag/category,0
https://www.github.com/blog/tag,0
https://www.github.com/category/search,0
https://www.example.com/explore,0
https://www.stackoverflow.com/wp-content/main/categories,0
https://www.amazon.com/category/blog,0
http://168.185.246.71/update,1
https://www.wikipedia.org/categories,0
http://43.191.238.251/login,1
https://www.amazon.com/categories/explore/wp-content,0
https://www.google.com/main,0
https://www.amazon.com/tag/categories/wp-content,0
http://199.34.203.155/update,1
https://www.google.com/search/list,0
https://www.amazon.com/tag/search/explore,0
https://www.amazon.com/posts,0
https://www.wikipedia.org/tags/app,0
https://www.github.com/search,0
https://www.amazon.com/blog,0
https://www.example.com/tag/posts/explore,0
https://www.github.com/tags,0
https://www.google.com/list/explore,0
https://www.stackoverflow.com/categories,0
https://www.example.com/categories/posts/blog,0
https://www.amazon.com/blog/posts,0
https://www.stackoverflow.com/explore/explore/search,0
https://www.wikipedia.org/app/posts/search,0
https://www.amazon.com/explore/category/main,0
https://www.github.com/categories,0
https://www.github.com/category,0
http://sport-stackoverflow-com.io/update,1
https://www.amazon.com/search/categories,0
http://interview-amazon-com.net/account,1
https://www.github.com/posts/category,0
https://www.wikipedia.org/wp-content,0
https://www.google.com/category,0
https://www.amazon.com/list,0
https://www.stackoverflow.com/explore,0
https://www.example.com/main/tags/tags,0
https://www.stackoverflow.com/tags/categories,0
https://www.example.com/tag/categories/search,0
https://www.stackoverflow.com/list,0
https://www.wikipedia.org/tag/category,0
https://www.google.com/main,0
http://miss-google-com.com/secure,1
https://www.stackoverflow.com/explore,0
https://www.wikipedia.org/categories/tags,0
http://major-amazon-com.net/login,1
https://www.github.com/main,0
http://198.213.179.184/account,1
http://42.142.177.120/update,1
https://www.amazon.com/categories,0
http://40.142.237.19/banking,1
http://123.22.52.233/banking,1
https://www.stackoverflow.com/category/blog,0
https://www.github.com/tags/blog/categories,0
https://www.github.com/tag,0
http://79.67.82.107/update,1
https://www.github.com/app,0
https://www.example.com/wp-content,0
https://www.example.com/blog/app,0
https://www.example.com/app/app/main,0
http://skin-stackoverflow-com.org/login,1
http://124.52.187.56/verify,1
https://www.wikipedia.org/explore,0
https://www.amazon.com/search/explore/search,0
http://169.174.17.130/login,1
https://www.wikipedia.org/blog/wp-content,0
https://www.example.com/tags/main/wp-content,0
https://www.example.com/app/main/tags,0
https://www.amazon.com/blog,0
http://163.219.81.252/banking,1
http://just-wikipedia-org.co/update,1
https://www.stackoverflow.com/categories/blog,0
https://www.example.com/tags/wp-content,0
https://www.example.com/categories/app/search,0
https://www.stackoverflow.com/categories/posts/wp-content,0
https://www.amazon.com/explore/tag/search,0
https://www.wikipedia.org/posts/tag,0
https://www.google.com/main/tags,0
https://www.wikipedia.org/app/main,0
https://www.stackoverflow.com/category/tags,0
https://www.github.com/category/categories,0
https://www.github.com/blog/tags/category,0
http://wonder-amazon-com.io/secure,1
https://www.github.com/posts,0
https://www.example.com/tag/wp-content,0
https://www.github.com/categories,0
http://110.207.158.133/secure,1
https://www.amazon.com/category/explore,0
https://www.example.com/list/explore/tags,0
https://www.google.com/wp-content/search,0
https://www.example.com/category/explore,0
https://www.google.com/main,0
https://www.github.com/explore,0
https://www.google.com/blog/posts/blog,0
http://and-stackoverflow-com.io/confirm,1
http://139.14.114.179/account,1
http://low-wikipedia-org.org/login,1
https://www.google.com/tags/blog,0
https://www.stackoverflow.com/posts,0
https://www.example.com/main/app/main,0
https://www.github.com/main,0
https://www.wikipedia.org/tags/explore,0
https://www.wikipedia.org/blog/category/wp-content,0
https://www.wikipedia.org/search/search/list,0
https://www.google.com/category/search/explore,0
https://www.stackoverflow.com/app/posts,0
https://www.example.com/tag/category,0
https://www.wikipedia.org/app/app/wp-content,0
https://www.stackoverflow.com/tag/tag/search,0
https://www.wikipedia.org/categories/search,0
https://www.amazon.com/categories,0
https://www.google.com/explore/list,0
https://www.stackoverflow.com/tag/explore,0
http://112.253.102.21/confirm,1
https://www.stackoverflow.com/wp-content,0
https://www.example.com/search,0
https://www.github.com/explore/posts/posts,0
https://www.example.com/tags,0
https://www.stackoverflow.com/tag/list/wp-content,0
https://www.wikipedia.org/category/category/wp-content,0
https://www.example.com/tag/blog/posts,0
https://www.github.com/explore/tag/main,0
https://www.amazon.com/wp-content/list,0
http://133.29.144.4/banking,1
https://www.wikipedia.org/tag,0
https://www.stackoverflow.com/explore/categories,0
http://10.177.197.193/verify,1
https://www.github.com/wp-content/tag/main,0
https://www.wikipedia.org/wp-content,0
http://218.142.29.78/update,1
https://www.amazon.com/app/category,0
https://www.wikipedia.org/tags,0
https://www.google.com/posts/blog,0
https://www.wikipedia.org/explore/tags/tags,0
https://www.example.com/search/blog,0
https://www.github.com/search/posts,0
https://www.wikipedia.org/search/tags,0
https://www.amazon.com/app/wp-content,0
https://www.github.com/tag,0
https://www.amazon.com/explore/posts/list,0
https://www.wikipedia.org/main,0
https://www.github.com/app/search/category,0
http://find-amazon-com.co/login,1
https://www.google.com/tags/posts,0
http://216.243.197.187/account,1
https://www.example.com/categories/category,0
https://www.github.com/explore,0
https://www.example.com/app,0
https://www.stackoverflow.com/app/list/categories,0
https://www.stackoverflow.com/categories/tag,0
https://www.stackoverflow.com/wp-content/wp-content,0
https://www.amazon.com/category/list,0
https://www.example.com/tags/tags,0
https://www.stackoverflow.com/search/main,0
https://www.amazon.com/wp-content,0
https://www.example.com/blog,0
http://181.50.40.73/update,1
https://www.amazon.com/explore/categories/tag,0
https://www.github.com/explore/explore,0
https://www.stackoverflow.com/tags/categories/tag,0
http://human-github-com.org/secure,1
https://www.github.com/tags/search/blog,0
https://www.google.com/explore,0
https://www.github.com/blog/main/posts,0
https://www.example.com/tags/search/blog,0
http://199.122.183.167/update,1
https://www.example.com/category/wp-content,0
https://www.example.com/posts/wp-content,0
https://www.amazon.com/main,0
https://www.github.com/tag/blog/explore,0
https://www.example.com/blog,0
https://www.google.com/wp-content,0
https://www.stackoverflow.com/app,0
http://her-wikipedia-org.co/update,1
http://114.171.65.151/verify,1
https://www.amazon.com/blog,0
https://www.stackoverflow.com/wp-content/blog/category,0
https://www.google.com/blog,0
https://www.github.com/categories/search/category,0
http://time-github-com.io/verify,1
https://www.google.com/main/list,0
https://www.github.com/category,0
https://www.github.com/list/wp-content,0
https://www.stackoverflow.com/posts/list,0
https://www.github.com/blog/posts/list,0
https://www.amazon.com/posts,0
https://www.github.com/categories,0
http://kid-stackoverflow-com.com/account,1
https://www.github.com/app/category,0
https://www.github.com/tags/categories/tag,0
https://www.stackoverflow.com/posts/wp-content,0
https://www.amazon.com/main,0
https://www.wikipedia.org/app/posts,0
https://www.github.com/app/blog,0
https://www.example.com/app/posts,0
https://www.wikipedia.org/wp-content,0
http://177.242.18.79/banking,1
https://www.amazon.com/blog/category/list,0
https://www.stackoverflow.com/list/tags,0
https://www.github.com/tags/search,0
http://186.11.255.194/secure,1
https://www.stackoverflow.com/list/category,0
http://just-github-com.io/login,1
https://www.stackoverflow.com/tag/posts,0
https://www.github.com/blog/search/tags,0
https://www.wikipedia.org/category,0
https://www.amazon.com/explore,0
https://www.github.com/search/app/explore,0
https://www.stackoverflow.com/explore,0
https://www.github.com/search,0
https://www.github.com/search/tag,0
https://www.stackoverflow.com/tag/main,0
https://www.google.com/wp-content/posts,0
https://www.stackoverflow.com/wp-content,0
https://www.example.com/tag,0
https://www.amazon.com/explore/blog/blog,0
https://www.example.com/tags,0
https://www.stackoverflow.com/posts/list,0
https://www.google.com/blog/list/wp-content,0
http://easy-stackoverflow-com.co/update,1
https://www.example.com/search/main,0
https://www.stackoverflow.com/main/tag,0
http://home-wikipedia-org.net/banking,1
http://29.125.64.69/confirm,1
https://www.google.com/app/blog,0
https://www.github.com/app,0
https://www.wikipedia.org/tag,0
https://www.github.com/main/explore/categories,0
https://www.amazon.com/main/blog,0
https://www.wikipedia.org/tags/wp-content,0
https://www.github.com/list,0
https://www.stackoverflow.com/category,0
https://www.google.com/tags/main/app,0
https://www.github.com/explore/tags,0
https://www.stackoverflow.com/explore/list,0
https://www.github.com/tag,0
https://www.amazon.com/category/category/categories,0
http://range-wikipedia-org.io/banking,1
https://www.wikipedia.org/blog,0
https://www.amazon.com/category/posts,0
https://www.google.com/search/explore,0
http://100.185.46.243/update,1
https://www.example.com/blog/main/wp-content,0
http://arm-github-com.co/update,1
https://www.example.com/blog/search/search,0
https://www.stackoverflow.com/explore/search/main,0
https://www.stackoverflow.com/list,0
https://www.wikipedia.org/main/categories/blog,0
http://217.139.247.83/confirm,1
https://www.example.com/blog,0
https://www.google.com/wp-content/wp-content,0
http://201.30.138.12/confirm,1
http://future-google-com.io/account,1
https://www.google.com/app/tag,0
http://take-stackoverflow-com.com/account,1
https://www.wikipedia.org/wp-content/list,0
https://www.amazon.com/tags/app,0
https://www.example.com/category/category,0
http://63.33.4.216/account,1
https://www.wikipedia.org/wp-content,0
https://www.wikipedia.org/categories/app,0
http://73.248.135.226/login,1
https://www.stackoverflow.com/main/tags,0
https://www.wikipedia.org/search/list,0
https://www.google.com/tags/blog/blog,0
http://leader-stackoverflow-com.co/account,1
https://www.github.com/app/main/tag,0
https://www.stackoverflow.com/app/explore,0
http://if-amazon-com.co/login,1
https://www.stackoverflow.com/list/main,0
https://www.google.com/list/wp-content/categories,0
https://www.wikipedia.org/explore,0
https://www.example.com/tags,0
https://www.stackoverflow.com/categories/search,0
https://www.google.com/categories/wp-content,0
http://148.151.248.140/confirm,1
https://www.google.com/search,0
https://www.google.com/category/main/search,0
https://www.stackoverflow.com/blog,0
https://www.wikipedia.org/tags/explore/main,0
http://rich-example-com.com/login,1
https://www.amazon.com/main/tag,0
https://www.example.com/category/tag/search,0
https://www.stackoverflow.com/tags/posts,0
https://www.stackoverflow.com/explore/blog,0
http://104.117.89.223/verify,1
https://www.stackoverflow.com/posts/posts,0
https://www.stackoverflow.com/tags/category/category,0
https://www.github.com/app,0
http://activity-amazon-com.com/confirm,1
https://www.stackoverflow.com/tag,0
https://www.wikipedia.org/app/blog/categories,0
http://magazine-google-com.net/update,1
https://www.stackoverflow.com/category/explore,0
https://www.example.com/category,0
http://179.25.140.100/banking,1
https://www.wikipedia.org/list/app/categories,0
https://www.stackoverflow.com/category,0
https://www.stackoverflow.com/list/wp-content/main,0
https://www.wikipedia.org/list/list/tag,0
https://www.stackoverflow.com/tags,0
http://through-wikipedia-org.com/secure,1
https://www.stackoverflow.com/categories/wp-content,0
https://www.github.com/tags,0
https://www.wikipedia.org/list/tags/wp-content,0
https://www.stackoverflow.com/app/categories/category,0
https://www.github.com/main/explore,0
https://www.google.com/tags/main,0
https://www.wikipedia.org/category,0
https://www.github.com/wp-content,0
https://www.github.com/tags,0
http://221.249.227.40/verify,1
https://www.example.com/tags,0
http://61.30.200.68/login,1
https://www.wikipedia.org/main/tags,0
https://www.github.com/blog,0
https://www.wikipedia.org/tags/app,0
http://160.115.203.152/confirm,1
https://www.example.com/main,0
https://www.amazon.com/search,0
https://www.google.com/list,0
https://www.example.com/wp-content/main/posts,0
https://www.github.com/app/list/app,0
https://www.google.com/posts/wp-content/posts,0
https://www.wikipedia.org/categories/main/tags,0
http://2.79.226.177/login,1
https://www.wikipedia.org/main/posts/explore,0
https://www.example.com/search/tags,0
https://www.wikipedia.org/tag/search/category,0
https://www.stackoverflow.com/blog/blog/explore,0
https://www.github.com/categories/list,0
https://www.amazon.com/list/tags,0
https://www.stackoverflow.com/posts/wp-content/category,0
https://www.wikipedia.org/tags/tag,0
https://www.amazon.com/list/explore,0
https://www.stackoverflow.com/explore/main/categories,0
http://179.204.100.22/confirm,1
http://player-stackoverflow-com.io/confirm,1
https://www.stackoverflow.com/explore,0
http://128.244.176.138/update,1
https://www.wikipedia.org/posts/wp-content/categories,0
https://www.wikipedia.org/explore,0
http://how-amazon-com.org/login,1
http://hand-stackoverflow-com.com/verify,1
https://www.github.com/main/tag,0
https://www.amazon.com/posts/categories/categories,0
https://www.github.com/wp-content,0
http://huge-stackoverflow-com.com/confirm,1
https://www.amazon.com/category/tags,0
http://by-stackoverflow-com.org/login,1
https://www.wikipedia.org/blog/categories,0
https://www.amazon.com/list/blog/explore,0
https://www.google.com/blog/blog,0
https://www.github.com/posts/tag/posts,0
https://www.amazon.com/tag/list,0
https://www.amazon.com/explore/blog,0
https://www.wikipedia.org/list/tag,0
https://www.wikipedia.org/explore/tags/list,0
https://www.github.com/tag/wp-content,0
https://www.stackoverflow.com/posts/tags/app,0
https://www.stackoverflow.com/search/blog,0
http://its-wikipedia-org.co/login,1
http://network-stackoverflow-com.co/banking,1
https://www.example.com/search,0
https://www.stackoverflow.com/blog/posts/wp-content,0
http://215.164.71.150/account,1
https://www.google.com/tag/search,0
https://www.wikipedia.org/list,0
https://www.example.com/wp-content/tag/categories,0
https://www.example.com/tag/tag,0
https://www.wikipedia.org/posts/list/category,0
https://www.google.com/app/blog,0
https://www.google.com/main/explore,0
https://www.github.com/wp-content,0
https://www.example.com/search,0
https://www.stackoverflow.com/app,0
https://www.google.com/search/posts/blog,0
https://www.stackoverflow.com/wp-content/tags/categories,0
https://www.google.com/wp-content,0
https://www.example.com/posts/explore/tags,0
https://www.google.com/category/posts,0
https://www.wikipedia.org/category/posts,0
https://www.google.com/blog,0
https://www.example.com/categories/tag/blog,0
https://www.wikipedia.org/tags/categories,0
http://64.166.92.221/login,1
https://www.github.com/main/blog,0
https://www.github.com/app/blog/wp-content,0
https://www.github.com/search/app,0
https://www.stackoverflow.com/search/list,0
https://www.wikipedia.org/list,0
https://www.wikipedia.org/explore/search/blog,0
https://www.amazon.com/main/blog,0
https://www.example.com/category,0
https://www.amazon.com/categories/search/tags,0
https://www.github.com/category,0
https://www.wikipedia.org/categories,0
https://www.wikipedia.org/posts/explore,0
https://www.google.com/posts,0
http://118.174.73.22/account,1
https://www.amazon.com/list,0
https://www.stackoverflow.com/posts/posts/explore,0
http://104.44.98.120/verify,1
https://www.wikipedia.org/tags/main/tags,0
https://www.wikipedia.org/main,0
https://www.google.com/wp-content/list/category,0
https://www.github.com/tag/app,0
http://132.231.100.243/verify,1
https://www.amazon.com/tag/tag/app,0
https://www.example.com/blog/categories,0
https://www.google.com/main/list/tag,0
https://www.amazon.com/blog,0
https://www.example.com/categories/blog/app,0
https://www.example.com/main,0
http://eight-amazon-com.net/update,1
http://89.114.31.35/update,1
https://www.amazon.com/tag,0
https://www.wikipedia.org/search,0
https://www.wikipedia.org/category/list,0
https://www.stackoverflow.com/main/wp-content/main,0
https://www.github.com/list/search,0
http://90.23.215.199/confirm,1
https://www.example.com/category/search,0
http://sure-google-com.co/banking,1
https://www.github.com/search,0
https://www.amazon.com/tag,0
https://www.stackoverflow.com/tags/category,0
https://www.stackoverflow.com/blog/main,0
https://www.wikipedia.org/category/wp-content/blog,0
https://www.google.com/wp-content/categories,0
https://www.example.com/search/category/app,0
https://www.example.com/explore/search,0
https://www.github.com/wp-content/posts,0
https://www.stackoverflow.com/app/explore/main,0
https://www.github.com/wp-content/search,0
https://www.github.com/categories,0
http://155.84.4.71/secure,1
https://www.google.com/posts/tag/categories,0
https://www.wikipedia.org/search,0
https://www.github.com/app/posts,0
https://www.stackoverflow.com/category,0
https://www.google.com/categories/tag,0
https://www.stackoverflow.com/app/posts/wp-content,0
https://www.example.com/posts,0
https://www.amazon.com/list,0
https://www.google.com/wp-content/category,0
https://www.stackoverflow.com/blog,0
https://www.wikipedia.org/app/list,0
https://www.stackoverflow.com/posts,0
https://www.example.com/posts,0
http://153.219.153.80/verify,1
https://www.github.com/main/list,0
https://www.stackoverflow.com/tags,0
https://www.google.com/app,0
https://www.google.com/category,0
https://www.google.com/tags/main/wp-content,0
https://www.example.com/explore/wp-content,0
https://www.wikipedia.org/search/tag/app,0
https://www.google.com/categories/categories/main,0
https://www.wikipedia.org/tag,0
https://www.amazon.com/posts,0
https://www.wikipedia.org/categories,0
https://www.google.com/search,0
http://1.77.132.58/secure,1
http://153.6.177.228/banking,1
http://care-wikipedia-org.com/account,1
https://www.amazon.com/categories/wp-content,0
http://221.182.61.34/secure,1
https://www.example.com/tag/posts,0
https://www.amazon.com/explore,0
https://www.example.com/wp-content/search/categories,0
https://www.google.com/wp-content,0
http://11.99.253.16/login,1
https://www.github.com/app,0
https://www.example.com/wp-content/wp-content,0
https://www.wikipedia.org/main/wp-content/explore,0
http://reality-google-com.net/secure,1
https://www.example.com/wp-content/category/category,0
https://www.stackoverflow.com/main/tag/main,0
https://www.stackoverflow.com/categories/app/tags,0
https://www.amazon.com/main,0
https://www.google.com/main/explore,0
https://www.github.com/search,0
http://117.56.103.224/banking,1
http://other-google-com.co/account,1
https://www.stackoverflow.com/search,0
https://www.google.com/wp-content/wp-content/list,0
https://www.stackoverflow.com/tag,0
https://www.amazon.com/wp-content/posts,0
https://www.example.com/blog/blog,0
http://192.24.45.2/login,1
https://www.stackoverflow.com/blog/explore,0
http://role-wikipedia-org.io/account,1
https://www.google.com/posts,0
https://www.example.com/main/posts,0
http://reduce-wikipedia-org.net/banking,1
https://www.example.com/main/posts,0
https://www.google.com/main/tags/categories,0
https://www.stackoverflow.com/blog,0
https://www.amazon.com/main/search/categories,0
http://161.140.80.102/banking,1
https://www.amazon.com/wp-content/main,0
https://www.amazon.com/app/categories,0
https://www.github.com/search/list/explore,0
http://222.13.255.245/update,1
https://www.github.com/wp-content,0
https://www.wikipedia.org/main/list/explore,0
http://entire-amazon-com.io/login,1
https://www.google.com/categories,0
https://www.amazon.com/tags,0
https://www.wikipedia.org/blog/category/blog,0
https://www.amazon.com/tag,0
https://www.example.com/main/category,0
https://www.wikipedia.org/blog,0
https://www.google.com/explore/categories,0
https://www.wikipedia.org/category/app,0
https://www.stackoverflow.com/tag/blog,0
https://www.amazon.com/tag/wp-content,0
https://www.wikipedia.org/app/category,0
http://peace-wikipedia-org.co/secure,1
https://www.amazon.com/blog/app,0
https://www.example.com/search/posts/wp-content,0
https://www.google.com/wp-content/main/search,0
https://www.stackoverflow.com/tags/posts,0
https://www.example.com/blog/main,0
https://www.github.com/category/explore/posts,0
https://www.google.com/blog/tag/search,0
https://www.google.com/tag/blog,0
https://www.example.com/explore,0
https://www.github.com/blog/app,0
https://www.google.com/tag/category,0
https://www.google.com/app/blog/explore,0
https://www.github.com/app,0
https://www.wikipedia.org/wp-content/posts,0
https://www.example.com/explore/search,0
https://www.amazon.com/categories/tag,0
https://www.wikipedia.org/categories/tags,0
https://www.amazon.com/categories,0
https://www.google.com/tag,0
https://www.stackoverflow.com/blog,0
https://www.stackoverflow.com/explore/wp-content/search,0
https://www.amazon.com/categories/blog,0
http://209.129.148.154/account,1
https://www.stackoverflow.com/wp-content/blog/tags,0
https://www.amazon.com/posts,0
https://www.stackoverflow.com/categories/wp-content/explore,0
https://www.stackoverflow.com/posts/category/tags,0
https://www.stackoverflow.com/list,0
https://www.amazon.com/posts/search/main,0
https://www.example.com/category/search/categories,0
https://www.github.com/app,0
https://www.stackoverflow.com/main/list/categories,0
https://www.github.com/list/categories/wp-content,0
https://www.github.com/app,0
https://www.google.com/list,0
http://white-stackoverflow-com.co/banking,1
https://www.github.com/wp-content,0
https://www.amazon.com/tags/explore,0
https://www.github.com/tag,0
https://www.github.com/categories/posts,0
http://173.251.39.96/login,1
http://48.10.150.208/login,1
https://www.example.com/wp-content,0
https://www.example.com/posts/wp-content,0
https://www.github.com/category,0
https://www.amazon.com/blog,0
https://www.example.com/list,0
https://www.amazon.com/tag/app,0
http://113.170.116.212/secure,1
https://www.wikipedia.org/main/category,0
https://www.wikipedia.org/categories/main,0
https://www.github.com/app/categories,0
https://www.stackoverflow.com/posts/category/categories,0
https://www.example.com/app/search/explore,0
https://www.github.com/wp-content,0
https://www.amazon.com/list,0
https://www.amazon.com/category/category/app,0
https://www.wikipedia.org/tags/blog/explore,0
https://www.amazon.com/categories/explore,0
http://board-wikipedia-org.org/confirm,1
https://www.google.com/main/explore,0
https://www.github.com/search,0
http://into-github-com.io/confirm,1
http://find-stackoverflow-com.co/banking,1
https://www.example.com/blog/wp-content/main,0
https://www.amazon.com/tags/posts,0
https://www.wikipedia.org/main,0
https://www.wikipedia.org/tag,0
https://www.wikipedia.org/categories/categories/categories,0
https://www.google.com/category,0
http://180.84.115.164/login,1
http://197.196.47.98/login,1
http://now-example-com.org/verify,1
https://www.wikipedia.org/tag/tag/category,0
http://192.215.145.165/confirm,1
https://www.stackoverflow.com/posts/blog/list,0
https://www.amazon.com/tags/list/posts,0
http://63.8.166.220/account,1
http://beat-amazon-com.io/confirm,1
https://www.amazon.com/search/blog/tags,0
https://www.example.com/app,0
http://18.211.95.238/account,1
https://www.github.com/posts/blog/blog,0
http://will-wikipedia-org.net/login,1
https://www.github.com/search,0
https://www.github.com/wp-content/category,0
https://www.stackoverflow.com/tag,0
https://www.google.com/main/tags/tag,0
https://www.example.com/category,0
https://www.stackoverflow.com/tag,0
http://178.197.228.225/secure,1
https://www.amazon.com/search/explore,0
https://www.example.com/tags/tag/wp-content,0
https://www.amazon.com/list,0
https://www.wikipedia.org/search/wp-content/tag,0
https://www.example.com/main/category,0
http://105.218.171.226/update,1
https://www.stackoverflow.com/explore,0
https://www.google.com/posts/tags/category,0
http://establish-wikipedia-org.io/login,1
https://www.amazon.com/blog/main/main,0
http://see-google-com.net/account,1
https://www.amazon.com/search/categories,0
https://www.stackoverflow.com/tags,0
https://www.github.com/search,0
https://www.amazon.com/tags/tag,0
https://www.google.com/main/wp-content/wp-content,0
https://www.amazon.com/list/app,0
https://www.wikipedia.org/app/main/categories,0
http://voice-amazon-com.com/secure,1
https://www.stackoverflow.com/main,0
https://www.stackoverflow.com/categories,0
https://www.google.com/blog,0
https://www.wikipedia.org/wp-content,0
http://eye-github-com.io/secure,1
https://www.stackoverflow.com/wp-content/category,0
https://www.stackoverflow.com/explore/categories,0
https://www.stackoverflow.com/search/tags/tags,0
https://www.stackoverflow.com/categories/tags/tag,0
https://www.google.com/tags/list/app,0
https://www.example.com/tags/category,0
https://www.stackoverflow.com/categories,0
https://www.example.com/categories/posts/list,0
https://www.github.com/category,0
http://48.107.148.36/banking,1
http://none-google-com.com/verify,1
https://www.wikipedia.org/wp-content/explore/search,0
https://www.github.com/app/app,0
https://www.wikipedia.org/app,0
https://www.github.com/categories,0
https://www.github.com/search/tags/main,0
https://www.amazon.com/blog/wp-content/explore,0
